video_name,start_s,end_s,left_pred_raw,left_conf,left_class,center_pred_raw,center_conf,center_class,right_pred_raw,right_conf,right_class,n_distinct,resolved_class,resolution
slow_hands,0.0,0.667,ECS,0.767,ECS,ECS,0.54,ECS,ECS,0.435,ECS,1,ECS,majority
slow_hands,0.667,1.334,ECS,0.734,ECS,ECS,0.43,ECS,ECS,0.433,ECS,1,ECS,majority
slow_hands,1.334,2.0010000000000003,ECS,0.518,ECS,CS,0.509,CS,ECS,0.357,ECS,2,ECS,majority
slow_hands,2.0010000000000003,2.668,ECS,0.568,ECS,CS,0.457,CS,ECS,0.392,ECS,2,ECS,majority
slow_hands,2.668,3.335,ECS,0.569,ECS,CS,0.427,CS,ECS,0.392,ECS,2,ECS,majority
slow_hands,3.335,4.002,ECS,0.499,ECS,CS,0.491,CS,ECS,0.523,ECS,2,ECS,majority
slow_hands,4.002000000000001,4.6690000000000005,ECS,0.699,ECS,ECS,0.613,ECS,ECS,0.519,ECS,1,ECS,majority
slow_hands,4.6690000000000005,5.336,ECS,0.746,ECS,ECS,0.635,ECS,ECS,0.478,ECS,1,ECS,majority
slow_hands,5.336,6.003,ECS,0.668,ECS,ECS,0.576,ECS,ECS,0.578,ECS,1,ECS,majority
slow_hands,6.003,6.67,ECS,0.601,ECS,ECS,0.521,ECS,ECS,0.553,ECS,1,ECS,majority
slow_hands,6.67,7.337,ECS,0.73,ECS,ECS,0.589,ECS,LS,0.452,LS,2,ECS,majority
slow_hands,7.337000000000001,8.004000000000001,ECS,0.79,ECS,ECS,0.765,ECS,LS,0.572,LS,2,ECS,majority
slow_hands,8.004000000000001,8.671000000000001,ECS,0.673,ECS,ECS,0.752,ECS,ECS,0.559,ECS,1,ECS,majority
slow_hands,8.671000000000001,9.338000000000001,ECS,0.567,ECS,ECS,0.614,ECS,ECS,0.689,ECS,1,ECS,majority
slow_hands,9.338000000000001,10.005,ECS,0.552,ECS,ECS,0.533,ECS,ECS,0.61,ECS,1,ECS,majority
slow_hands,10.005,10.672,ECS,0.724,ECS,ECS,0.526,ECS,ECS,0.635,ECS,1,ECS,majority
slow_hands,10.672,11.339,ECS,0.463,ECS,CS,0.449,CS,ECS,0.462,ECS,2,ECS,majority
slow_hands,11.339,12.006,LS,0.419,LS,CS,0.382,CS,ECS,0.497,ECS,3,CS,median
slow_hands,12.006,12.673,ECS,0.522,ECS,CS,0.413,CS,LS,0.481,LS,3,CS,median
slow_hands,12.673,13.34,ECS,0.516,ECS,CS,0.395,CS,LS,0.537,LS,3,CS,median
slow_hands,13.34,14.007,ECS,0.53,ECS,CS,0.43,CS,LS,0.463,LS,3,CS,median
slow_hands,14.007000000000001,14.674000000000001,ECS,0.431,ECS,CS,0.401,CS,LS,0.499,LS,3,CS,median
slow_hands,14.674000000000001,15.341000000000001,ECS,0.831,ECS,ECS,0.61,ECS,ECS,0.574,ECS,1,ECS,majority
slow_hands,15.341000000000001,16.008000000000003,ECS,0.843,ECS,FS,0.617,MFS,FS,0.992,MFS,2,MFS,majority
slow_hands,16.008000000000003,16.675000000000004,ECS,0.986,ECS,ECS,0.948,ECS,FS,0.978,MFS,2,ECS,majority
slow_hands,16.675,17.342000000000002,ECS,0.987,ECS,ECS,0.92,ECS,FS,0.984,MFS,2,ECS,majority
slow_hands,17.342000000000002,18.009000000000004,ECS,0.987,ECS,ECS,0.884,ECS,FS,0.98,MFS,2,ECS,majority
slow_hands,18.009,18.676000000000002,ECS,0.992,ECS,ECS,0.956,ECS,FS,0.975,MFS,2,ECS,majority
slow_hands,18.676000000000002,19.343000000000004,ECS,0.989,ECS,ECS,0.952,ECS,FS,0.979,MFS,2,ECS,majority
slow_hands,19.343,20.01,ECS,0.989,ECS,ECS,0.934,ECS,FS,0.989,MFS,2,ECS,majority
slow_hands,20.01,20.677000000000003,ECS,0.982,ECS,ECS,0.896,ECS,FS,0.976,MFS,2,ECS,majority
slow_hands,20.677,21.344,ECS,0.986,ECS,ECS,0.873,ECS,FS,0.981,MFS,2,ECS,majority
slow_hands,21.344,22.011000000000003,ECS,0.96,ECS,ECS,0.534,ECS,FS,0.994,MFS,2,ECS,majority
slow_hands,22.011000000000003,22.678000000000004,ECS,0.975,ECS,FS,0.601,MFS,FS,0.994,MFS,2,MFS,majority
slow_hands,22.678,23.345000000000002,ECS,0.915,ECS,ECS,0.804,ECS,FS,0.991,MFS,2,ECS,majority
slow_hands,23.345000000000002,24.012000000000004,ECS,0.926,ECS,ECS,0.537,ECS,FS,0.991,MFS,2,ECS,majority
slow_hands,24.012,24.679000000000002,ECS,0.958,ECS,ECS,0.616,ECS,FS,0.991,MFS,2,ECS,majority
slow_hands,24.679000000000002,25.346000000000004,ECS,0.974,ECS,ECS,0.907,ECS,FS,0.985,MFS,2,ECS,majority
slow_hands,25.346,26.013,ECS,0.947,ECS,ECS,0.709,ECS,FS,0.989,MFS,2,ECS,majority
slow_hands,26.013,26.680000000000003,ECS,0.958,ECS,ECS,0.688,ECS,FS,0.987,MFS,2,ECS,majority
slow_hands,26.68,27.347,ECS,0.977,ECS,ECS,0.945,ECS,FS,0.988,MFS,2,ECS,majority
slow_hands,27.347,28.014000000000003,ECS,0.988,ECS,ECS,0.973,ECS,FS,0.942,MFS,2,ECS,majority
slow_hands,28.014000000000003,28.681000000000004,ECS,0.989,ECS,ECS,0.952,ECS,FS,0.992,MFS,2,ECS,majority
slow_hands,28.681,29.348000000000003,ECS,0.976,ECS,ECS,0.94,ECS,FS,0.948,MFS,2,ECS,majority
slow_hands,29.348000000000003,30.015000000000004,ECS,0.983,ECS,ECS,0.99,ECS,ECS,0.732,ECS,1,ECS,majority
slow_hands,30.015,30.682000000000002,ECS,0.678,ECS,ECS,0.599,ECS,ECS,0.689,ECS,1,ECS,majority
slow_hands,30.682000000000002,31.349000000000004,ECS,0.651,ECS,ECS,0.974,ECS,ECS,0.995,ECS,1,ECS,majority
slow_hands,31.349,32.016,ECS,0.948,ECS,ECS,0.985,ECS,ECS,0.993,ECS,1,ECS,majority
slow_hands,32.016000000000005,32.68300000000001,ECS,0.831,ECS,ECS,0.992,ECS,ECS,0.996,ECS,1,ECS,majority
slow_hands,32.683,33.35,LS,0.469,LS,ECS,0.983,ECS,ECS,0.992,ECS,2,ECS,majority
slow_hands,33.35,34.017,LS,0.871,LS,ECS,0.988,ECS,ECS,0.993,ECS,2,ECS,majority
slow_hands,34.017,34.684000000000005,ECS,0.752,ECS,ECS,0.993,ECS,ECS,0.995,ECS,1,ECS,majority
slow_hands,34.684000000000005,35.351000000000006,ECS,0.983,ECS,ECS,0.995,ECS,ECS,0.996,ECS,1,ECS,majority
slow_hands,35.351,36.018,ECS,0.985,ECS,ECS,0.996,ECS,ECS,0.996,ECS,1,ECS,majority
slow_hands,36.018,36.685,ECS,0.992,ECS,ECS,0.994,ECS,ECS,0.995,ECS,1,ECS,majority
slow_hands,36.685,37.352000000000004,ECS,0.99,ECS,ECS,0.99,ECS,ECS,0.992,ECS,1,ECS,majority
slow_hands,37.352000000000004,38.019000000000005,ECS,0.985,ECS,ECS,0.989,ECS,ECS,0.99,ECS,1,ECS,majority
slow_hands,38.019000000000005,38.68600000000001,ECS,0.889,ECS,ECS,0.994,ECS,ECS,0.995,ECS,1,ECS,majority
slow_hands,38.686,39.353,ECS,0.926,ECS,ECS,0.995,ECS,ECS,0.996,ECS,1,ECS,majority
slow_hands,39.353,40.02,ECS,0.979,ECS,ECS,0.996,ECS,ECS,0.997,ECS,1,ECS,majority
slow_hands,40.02,40.687000000000005,ECS,0.993,ECS,ECS,0.995,ECS,ECS,0.996,ECS,1,ECS,majority
slow_hands,40.687000000000005,41.354000000000006,ECS,0.988,ECS,ECS,0.995,ECS,ECS,0.994,ECS,1,ECS,majority
slow_hands,41.354,42.021,ECS,0.968,ECS,ECS,0.996,ECS,ECS,0.995,ECS,1,ECS,majority
slow_hands,42.021,42.688,ECS,0.966,ECS,ECS,0.996,ECS,ECS,0.997,ECS,1,ECS,majority
slow_hands,42.688,43.355000000000004,ECS,0.99,ECS,ECS,0.995,ECS,ECS,0.996,ECS,1,ECS,majority
slow_hands,43.355000000000004,44.022000000000006,ECS,0.99,ECS,ECS,0.996,ECS,ECS,0.995,ECS,1,ECS,majority
slow_hands,44.022000000000006,44.68900000000001,ECS,0.982,ECS,ECS,0.996,ECS,ECS,0.996,ECS,1,ECS,majority
slow_hands,44.689,45.356,ECS,0.905,ECS,ECS,0.996,ECS,ECS,0.996,ECS,1,ECS,majority
slow_hands,45.356,46.023,ECS,0.919,ECS,ECS,0.993,ECS,ECS,0.995,ECS,1,ECS,majority
slow_hands,46.023,46.690000000000005,ECS,0.451,ECS,ECS,0.974,ECS,ECS,0.987,ECS,1,ECS,majority
slow_hands,46.690000000000005,47.357000000000006,ECS,0.576,ECS,ECS,0.946,ECS,ECS,0.98,ECS,1,ECS,majority
slow_hands,47.357,48.024,ECS,0.566,ECS,ECS,0.978,ECS,ECS,0.97,ECS,1,ECS,majority
slow_hands,48.024,48.691,ECS,0.415,ECS,ECS,0.977,ECS,ECS,0.983,ECS,1,ECS,majority
slow_hands,48.691,49.358000000000004,ECS,0.325,ECS,ECS,0.974,ECS,ECS,0.985,ECS,1,ECS,majority
slow_hands,49.358000000000004,50.025000000000006,ECS,0.411,ECS,ECS,0.972,ECS,ECS,0.985,ECS,1,ECS,majority
slow_hands,50.025000000000006,50.69200000000001,ECS,0.799,ECS,ECS,0.966,ECS,ECS,0.97,ECS,1,ECS,majority
slow_hands,50.692,51.359,ECS,0.875,ECS,ECS,0.952,ECS,ECS,0.936,ECS,1,ECS,majority
slow_hands,51.359,52.026,ECS,0.872,ECS,ECS,0.971,ECS,ECS,0.958,ECS,1,ECS,majority
slow_hands,52.026,52.693000000000005,ECS,0.452,ECS,ECS,0.969,ECS,ECS,0.988,ECS,1,ECS,majority
slow_hands,52.693000000000005,53.36000000000001,ECS,0.352,ECS,ECS,0.968,ECS,ECS,0.969,ECS,1,ECS,majority
slow_hands,53.36,54.027,ECS,0.334,ECS,ECS,0.955,ECS,ECS,0.979,ECS,1,ECS,majority
slow_hands,54.027,54.694,ECS,0.436,ECS,ECS,0.966,ECS,ECS,0.98,ECS,1,ECS,majority
slow_hands,54.694,55.361000000000004,ECS,0.722,ECS,ECS,0.966,ECS,ECS,0.983,ECS,1,ECS,majority
slow_hands,55.361000000000004,56.028000000000006,ECS,0.71,ECS,ECS,0.916,ECS,ECS,0.958,ECS,1,ECS,majority
slow_hands,56.028000000000006,56.69500000000001,ECS,0.592,ECS,ECS,0.967,ECS,ECS,0.984,ECS,1,ECS,majority
slow_hands,56.695,57.362,ECS,0.396,ECS,ECS,0.969,ECS,ECS,0.975,ECS,1,ECS,majority
slow_hands,57.362,58.029,ECS,0.433,ECS,ECS,0.975,ECS,ECS,0.988,ECS,1,ECS,majority
slow_hands,58.029,58.696000000000005,ECS,0.373,ECS,ECS,0.973,ECS,ECS,0.988,ECS,1,ECS,majority
slow_hands,58.696000000000005,59.36300000000001,ECS,0.782,ECS,ECS,0.964,ECS,ECS,0.96,ECS,1,ECS,majority
