video_name,cut_time_s
frank_complex,4.748
frank_complex,10.005
frank_complex,15.010
frank_complex,20.269
frank_complex,24.874
frank_complex,30.240
frank_complex,36.157
frank_complex,40.215
frank_complex,44.024
frank_complex,47.306
frank_complex,50.851
frank_complex,54.999
frank_complex,60.320
frank_objects,5.433
frank_objects,14.183
frank_objects,18.744
frank_objects,20.507
frank_objects,24.731
frank_objects,28.276
frank_objects,35.227
frank_objects,40.385
frank_objects,45.213
frank_objects,53.450
frank_objects,56.955
frank_objects,58.770
frank_play,3.801
frank_play,9.111
frank_play,14.208
frank_play,17.889
frank_play,20.331
frank_play,22.424
frank_play,25.956
frank_play,28.396
frank_play,31.507
frank_play,34.082
frank_play,36.751
frank_play,40.623
frank_play,42.403
frank_play,44.741
frank_play,48.590
frank_play,54.686
frank_play,58.229
pixar_birds,26.873
pixar_birds,28.617
pixar_birds,30.975
pixar_birds,33.364
pixar_birds,37.049
pixar_birds,43.741
pixar_birds,45.824
pixar_birds,48.669
pixar_birds,50.310
pixar_birds,54.310
pixar_birds,58.299
pixar_birds,63.544
pixar_birds,64.773
pixar_birds,66.715
pixar_birds,67.463
pixar_birds,69.216
pixar_birds,70.829
pixar_birds,72.300
pixar_birds,73.583
pixar_birds,75.681
pixar_birds,77.588
pixar_birds,79.239
pixar_birds,80.355
pixar_birds,85.275
pixar_birds,86.387
pixar_birds,89.233
pixar_birds,91.621
pixar_birds,95.189
pixar_birds,97.387
pixar_birds,100.021
pixar_birds,102.315
pixar_birds,103.442
pixar_birds,105.402
pixar_birds,108.071
pixar_birds,108.738
pixar_birds,109.281
pixar_birds,110.532
pixar_birds,114.286
pixar_birds,121.418
pixar_birds,126.232
pixar_birds,132.278
pixar_birds,140.020
sesameindia_1,0.809
sesameindia_1,8.373
sesameindia_1,12.715
sesameindia_1,13.781
sesameindia_1,19.212
sesameindia_1,23.874
sesameindia_1,27.860
sesameindia_1,28.819
sesameindia_1,29.861
sesameindia_1,30.930
sesameindia_1,31.612
sesameindia_1,32.648
sesameindia_1,33.957
sesameindia_1,35.152
sesameindia_1,37.280
sesameindia_1,40.068
sesameindia_1,41.830
sesameindia_1,43.870
sesameindia_1,45.420
sesameindia_1,49.071
sesameindia_1,50.869
sesameindia_1,52.451
sesameindia_1,54.421
sesameindia_1,55.841
sesameindia_2,12.293
sesameindia_2,20.392
sesameindia_2,23.962
sesameindia_2,25.705
sesameindia_2,29.579
sesameindia_2,32.827
sesameindia_2,34.628
sesameindia_2,38.078
sesameindia_2,38.919
sesameindia_2,40.800
sesameindia_2,45.427
sesameindia_2,48.868
sesameindia_2,54.842
sesameindia_2,60.156
sesameus_1,0.531
sesameus_1,2.098
sesameus_1,3.481
sesameus_1,8.018
sesameus_1,10.171
sesameus_1,11.442
sesameus_1,18.595
sesameus_1,20.094
sesameus_1,22.397
sesameus_1,27.969
sesameus_1,32.504
sesameus_1,35.661
sesameus_1,36.715
sesameus_1,38.661
sesameus_1,48.784
sesameus_1,51.726
sesameus_1,54.960
sesameus_1,58.694
sesameus_2,3.567
sesameus_2,5.565
sesameus_2,8.976
sesameus_2,10.225
sesameus_2,13.508
sesameus_2,16.270
sesameus_2,19.170
sesameus_2,22.477
sesameus_2,25.789
sesameus_2,28.564
sesameus_2,30.651
sesameus_2,33.211
sesameus_2,37.504
sesameus_2,40.764
sesameus_2,42.680
sesameus_2,45.552
sesameus_2,47.821
sesameus_2,50.687
sesameus_2,53.045
sesameus_2,55.869
slow_animals,15.175
slow_animals,30.509
slow_animals,45.767
slow_hands,15.106
slow_hands,30.408
slow_hands,45.783
slow_inanimate,15.139
slow_inanimate,30.427
slow_inanimate,45.742
slow_people,15.099
slow_people,30.481
slow_people,45.751